frame,n_detections_in_buffer,detection_density,median_y_in_buffer,y_range_in_buffer,frames_since_last_det,last_y,dy_last_pair,dy_per_frame_last_pair,dy_buffer_first_to_last
0,1,0.03333333333333333,508.91796875,0.0,0,508.91796875,,,
1,2,0.06666666666666667,508.9873962402344,0.13885498046875,0,509.05682373046875,0.13885498046875,0.13885498046875,0.13885498046875
2,3,0.1,509.05682373046875,0.19268798828125,0,509.11065673828125,0.0538330078125,0.0538330078125,0.19268798828125
3,4,0.13333333333333333,509.083740234375,0.3780517578125,0,509.2960205078125,0.18536376953125,0.18536376953125,0.3780517578125
4,5,0.16666666666666666,509.11065673828125,0.40667724609375,0,509.32464599609375,0.02862548828125,0.02862548828125,0.40667724609375
5,6,0.2,509.2033386230469,0.532958984375,0,509.450927734375,0.12628173828125,0.12628173828125,0.532958984375
6,7,0.23333333333333334,509.2960205078125,0.657958984375,0,509.575927734375,0.125,0.125,0.657958984375
7,8,0.26666666666666666,509.3103332519531,0.657958984375,0,509.54150390625,-0.034423828125,-0.034423828125,0.62353515625
8,9,0.3,509.32464599609375,0.657958984375,0,509.53399658203125,-0.00750732421875,-0.00750732421875,0.61602783203125
9,10,0.3333333333333333,509.3877868652344,0.657958984375,0,509.4666442871094,-0.067352294921875,-0.067352294921875,0.548675537109375
10,11,0.36666666666666664,509.450927734375,1.118438720703125,0,510.0364074707031,0.56976318359375,0.56976318359375,1.118438720703125
11,12,0.4,509.4587860107422,2.150970458984375,0,511.0689392089844,1.03253173828125,1.03253173828125,2.150970458984375
12,12,0.4,509.4587860107422,2.150970458984375,1,511.0689392089844,1.03253173828125,1.03253173828125,2.150970458984375
13,13,0.43333333333333335,509.4666442871094,5.70263671875,0,514.62060546875,3.551666259765625,1.7758331298828125,5.70263671875
14,13,0.43333333333333335,509.4666442871094,5.70263671875,1,514.62060546875,3.551666259765625,1.7758331298828125,5.70263671875
15,14,0.4666666666666667,509.4587860107422,8.824432373046875,0,505.7961730957031,-8.824432373046875,-4.4122161865234375,-3.121795654296875
16,15,0.5,509.450927734375,21.620513916015625,0,493.0000915527344,-12.79608154296875,-12.79608154296875,-15.917877197265625
17,16,0.5333333333333333,509.3877868652344,33.894775390625,0,480.725830078125,-12.274261474609375,-12.274261474609375,-28.192138671875
18,17,0.5666666666666667,509.32464599609375,40.1151123046875,0,474.5054931640625,-6.2203369140625,-6.2203369140625,-34.4124755859375
19,18,0.6,509.3103332519531,50.614715576171875,0,464.0058898925781,-10.499603271484375,-10.499603271484375,-44.912078857421875
20,19,0.6333333333333333,509.2960205078125,58.920806884765625,0,455.6997985839844,-8.30609130859375,-8.30609130859375,-53.218170166015625
21,20,0.6666666666666666,509.2033386230469,63.421630859375,0,451.198974609375,-4.500823974609375,-4.500823974609375,-57.718994140625
22,21,0.7,509.11065673828125,71.73773193359375,0,442.88287353515625,-8.31610107421875,-8.31610107421875,-66.03509521484375
23,22,0.7333333333333333,509.083740234375,78.7449951171875,0,435.8756103515625,-7.00726318359375,-7.00726318359375,-73.0423583984375
24,22,0.7333333333333333,509.083740234375,78.7449951171875,1,435.8756103515625,-7.00726318359375,-7.00726318359375,-73.0423583984375
25,23,0.7666666666666667,509.05682373046875,86.1917724609375,0,428.4288330078125,-7.44677734375,-3.723388671875,-80.4891357421875
26,24,0.8,508.9873962402344,90.36593627929688,0,424.2546691894531,-4.174163818359375,-4.174163818359375,-84.66329956054688
27,25,0.8333333333333334,508.91796875,91.6871337890625,0,422.9334716796875,-1.321197509765625,-1.321197509765625,-85.9844970703125
28,26,0.8666666666666667,507.35707092285156,95.08456420898438,0,419.5360412597656,-3.397430419921875,-3.397430419921875,-89.38192749023438
29,27,0.9,505.7961730957031,97.66238403320312,0,416.9582214355469,-2.57781982421875,-2.57781982421875,-91.95974731445312
30,27,0.9,493.0000915527344,98.6737060546875,0,415.9468994140625,-1.011322021484375,-1.011322021484375,-93.10992431640625
31,27,0.9,480.725830078125,98.6737060546875,0,416.68798828125,0.7410888671875,0.7410888671875,-92.42266845703125
32,26,0.8666666666666667,477.61566162109375,98.6737060546875,1,416.68798828125,0.7410888671875,0.7410888671875,-92.6080322265625
33,26,0.8666666666666667,469.2556915283203,98.6737060546875,0,419.09515380859375,2.40716552734375,1.203582763671875,-90.2294921875
34,26,0.8666666666666667,459.85284423828125,98.6737060546875,0,421.00927734375,1.91412353515625,1.91412353515625,-88.441650390625
35,26,0.8666666666666667,453.4493865966797,98.6737060546875,0,422.8142395019531,1.804962158203125,1.804962158203125,-86.76168823242188
36,26,0.8666666666666667,447.0409240722656,98.6737060546875,0,424.23052978515625,1.416290283203125,1.416290283203125,-85.31097412109375
37,26,0.8666666666666667,439.3792419433594,98.6737060546875,0,428.30987548828125,4.079345703125,4.079345703125,-81.22412109375
38,26,0.8666666666666667,434.83544921875,98.6737060546875,0,433.7952880859375,5.48541259765625,5.48541259765625,-75.67135620117188
39,26,0.8666666666666667,434.83544921875,98.6737060546875,0,437.45147705078125,3.65618896484375,3.65618896484375,-72.58493041992188
40,26,0.8666666666666667,434.83544921875,98.6737060546875,0,445.6877136230469,8.236236572265625,8.236236572265625,-65.3812255859375
41,26,0.8666666666666667,434.83544921875,98.6737060546875,0,454.49127197265625,8.803558349609375,8.803558349609375,-60.12933349609375
42,27,0.9,435.8756103515625,98.6737060546875,0,459.4093933105469,4.918121337890625,4.918121337890625,-55.211212158203125
43,27,0.9,435.8756103515625,89.84927368164062,0,471.10382080078125,11.694427490234375,11.694427490234375,-34.692352294921875
44,28,0.9333333333333333,436.6635437011719,89.84927368164062,0,483.5247497558594,12.420928955078125,12.420928955078125,-22.27142333984375
45,28,0.9333333333333333,436.6635437011719,77.05319213867188,0,489.89453125,6.369781494140625,6.369781494140625,-3.105560302734375
46,28,0.9333333333333333,436.6635437011719,87.57638549804688,0,503.5232849121094,13.628753662109375,13.628753662109375,22.797454833984375
47,28,0.9333333333333333,436.6635437011719,103.23919677734375,0,519.1860961914062,15.662811279296875,15.662811279296875,44.68060302734375
48,27,0.9,435.8756103515625,103.23919677734375,1,519.1860961914062,15.662811279296875,15.662811279296875,55.180206298828125
49,26,0.8666666666666667,434.83544921875,103.23919677734375,2,519.1860961914062,15.662811279296875,15.662811279296875,63.486297607421875
50,25,0.8333333333333334,433.7952880859375,103.23919677734375,3,519.1860961914062,15.662811279296875,15.662811279296875,67.98712158203125
51,24,0.8,431.112060546875,103.23919677734375,4,519.1860961914062,15.662811279296875,15.662811279296875,76.30322265625
52,23,0.7666666666666667,428.4288330078125,103.23919677734375,5,519.1860961914062,15.662811279296875,15.662811279296875,83.31048583984375
53,22,0.7333333333333333,428.3693542480469,103.23919677734375,6,519.1860961914062,15.662811279296875,15.662811279296875,90.75726318359375
54,23,0.7666666666666667,428.4288330078125,115.2493896484375,0,531.1962890625,12.01019287109375,1.7157418387276786,102.7674560546875
55,23,0.7666666666666667,433.7952880859375,115.2493896484375,0,530.0157470703125,-1.1805419921875,-1.1805419921875,105.76107788085938
56,23,0.7666666666666667,437.45147705078125,115.2493896484375,0,528.718017578125,-1.2977294921875,-1.2977294921875,105.7845458984375
57,23,0.7666666666666667,445.6877136230469,115.2493896484375,0,528.400146484375,-0.31787109375,-0.31787109375,108.86410522460938
58,23,0.7666666666666667,454.49127197265625,115.2493896484375,0,528.1094970703125,-0.2906494140625,-0.2906494140625,111.15127563476562
59,23,0.7666666666666667,459.4093933105469,115.2493896484375,0,527.6312255859375,-0.478271484375,-0.478271484375,111.684326171875
60,23,0.7666666666666667,471.10382080078125,114.50830078125,0,527.7354736328125,0.104248046875,0.104248046875,111.0474853515625
61,23,0.7666666666666667,483.5247497558594,112.10113525390625,0,529.487548828125,1.7520751953125,1.7520751953125,110.39239501953125
62,24,0.8,486.7096405029297,113.50341796875,0,532.5985717773438,3.11102294921875,3.11102294921875,113.50341796875
63,24,0.8,496.7089080810547,114.0050048828125,0,535.0142822265625,2.41571044921875,2.41571044921875,114.0050048828125
64,24,0.8,511.3546905517578,118.84695434570312,0,541.6611938476562,6.64691162109375,6.64691162109375,118.84695434570312
65,24,0.8,523.4086608886719,124.52716064453125,0,548.7576904296875,7.09649658203125,7.09649658203125,124.52716064453125
66,24,0.8,527.683349609375,123.9344482421875,0,552.2443237304688,3.48663330078125,3.48663330078125,123.9344482421875
67,24,0.8,527.9224853515625,121.720947265625,0,555.5162353515625,3.27191162109375,3.27191162109375,121.720947265625
68,24,0.8,528.2548217773438,121.11358642578125,0,558.5650634765625,3.048828125,3.048828125,121.11358642578125
69,24,0.8,528.55908203125,113.76162719726562,0,559.4493408203125,0.88427734375,0.88427734375,113.76162719726562
70,23,0.7666666666666667,528.718017578125,104.95806884765625,1,559.4493408203125,0.88427734375,0.88427734375,104.95806884765625
71,23,0.7666666666666667,529.487548828125,108.48928833007812,0,567.898681640625,8.4493408203125,4.22467041015625,108.48928833007812
72,23,0.7666666666666667,530.0157470703125,99.7689208984375,0,570.8727416992188,2.97406005859375,2.97406005859375,99.7689208984375
73,23,0.7666666666666667,531.1962890625,94.12051391601562,0,577.645263671875,6.77252197265625,6.77252197265625,94.12051391601562
74,23,0.7666666666666667,532.5985717773438,96.2420654296875,0,586.1365966796875,8.4913330078125,8.4913330078125,96.2420654296875
75,23,0.7666666666666667,535.0142822265625,87.23770141601562,0,590.760986328125,4.6243896484375,4.6243896484375,87.23770141601562
76,23,0.7666666666666667,541.6611938476562,82.22650146484375,0,601.41259765625,10.651611328125,10.651611328125,82.22650146484375
77,23,0.7666666666666667,548.7576904296875,86.9189453125,0,614.5501708984375,13.1375732421875,13.1375732421875,83.3538818359375
78,24,0.8,550.5010070800781,93.5506591796875,0,621.181884765625,6.6317138671875,6.6317138671875,89.985595703125
79,25,0.8333333333333334,552.2443237304688,109.641845703125,0,637.2730712890625,16.0911865234375,16.0911865234375,106.0767822265625
80,26,0.8666666666666667,553.8802795410156,125.37908935546875,0,653.0103149414062,15.73724365234375,15.73724365234375,121.81402587890625
81,27,0.9,555.5162353515625,135.26666259765625,0,662.8978881835938,9.8875732421875,9.8875732421875,131.70159912109375
82,28,0.9333333333333333,557.0406494140625,148.5673828125,0,676.1986083984375,13.30072021484375,13.30072021484375,145.0023193359375
83,29,0.9666666666666667,558.5650634765625,148.5673828125,0,666.154296875,-10.0443115234375,-10.0443115234375,134.9580078125
84,29,0.9666666666666667,559.4493408203125,148.5673828125,0,660.0006103515625,-6.1536865234375,-6.1536865234375,129.98486328125
85,29,0.9666666666666667,567.898681640625,148.5673828125,0,638.909423828125,-21.0911865234375,-21.0911865234375,110.19140625
86,29,0.9666666666666667,570.8727416992188,148.5673828125,0,615.5973510742188,-23.31207275390625,-23.31207275390625,87.19720458984375
87,28,0.9333333333333333,574.2590026855469,148.5673828125,1,615.5973510742188,-23.31207275390625,-23.31207275390625,87.48785400390625
88,28,0.9333333333333333,580.2577819824219,148.5673828125,0,582.8703002929688,-32.72705078125,-16.363525390625,55.23907470703125
89,28,0.9333333333333333,580.2577819824219,148.463134765625,0,561.6064453125,-21.26385498046875,-21.26385498046875,33.8709716796875
90,28,0.9333333333333333,580.2577819824219,146.7110595703125,0,549.1214599609375,-12.4849853515625,-12.4849853515625,19.6339111328125
91,28,0.9333333333333333,580.2577819824219,153.122802734375,0,523.0758056640625,-26.045654296875,-26.045654296875,-9.52276611328125
92,28,0.9333333333333333,580.2577819824219,175.40899658203125,0,500.78961181640625,-22.28619384765625,-22.28619384765625,-34.22467041015625
93,28,0.9333333333333333,580.2577819824219,185.1307373046875,0,491.06787109375,-9.72174072265625,-9.72174072265625,-50.59332275390625
94,28,0.9333333333333333,580.2577819824219,204.98968505859375,0,471.20892333984375,-19.85894775390625,-19.85894775390625,-77.54876708984375
95,28,0.9333333333333333,580.2577819824219,219.96578979492188,0,456.2328186035156,-14.976104736328125,-14.976104736328125,-96.01150512695312
96,28,0.9333333333333333,580.2577819824219,226.0245361328125,0,450.174072265625,-6.058746337890625,-6.058746337890625,-105.3421630859375
97,28,0.9333333333333333,580.2577819824219,236.05291748046875,0,440.14569091796875,-10.02838134765625,-10.02838134765625,-118.41937255859375
98,28,0.9333333333333333,580.2577819824219,244.5804443359375,0,431.6181640625,-8.52752685546875,-8.52752685546875,-127.8311767578125
99,28,0.9333333333333333,580.2577819824219,249.11798095703125,0,427.08062744140625,-4.53753662109375,-4.53753662109375,-140.81805419921875
100,29,0.9666666666666667,577.645263671875,257.6639404296875,0,418.53466796875,-8.54595947265625,-8.54595947265625,-149.364013671875
101,29,0.9666666666666667,577.645263671875,266.9072265625,0,409.2913818359375,-9.2432861328125,-9.2432861328125,-161.58135986328125
102,29,0.9666666666666667,577.645263671875,270.3275146484375,0,405.87109375,-3.4202880859375,-3.4202880859375,-171.774169921875
103,29,0.9666666666666667,561.6064453125,277.8816833496094,0,398.3169250488281,-7.554168701171875,-7.554168701171875,-187.81967163085938
104,29,0.9666666666666667,549.1214599609375,285.40191650390625,0,390.79669189453125,-7.520233154296875,-7.520233154296875,-199.96429443359375
105,29,0.9666666666666667,523.0758056640625,288.138427734375,0,388.0601806640625,-2.73651123046875,-2.73651123046875,-213.3524169921875
106,29,0.9666666666666667,500.78961181640625,292.942626953125,0,383.2559814453125,-4.80419921875,-4.80419921875,-231.294189453125
107,29,0.9666666666666667,491.06787109375,297.2461242675781,0,378.9524841308594,-4.303497314453125,-4.303497314453125,-242.22940063476562
108,29,0.9666666666666667,471.20892333984375,298.29248046875,0,377.9061279296875,-1.046356201171875,-1.046356201171875,-259.366943359375
109,29,0.9666666666666667,456.2328186035156,299.04290771484375,0,377.15570068359375,-0.75042724609375,-0.75042724609375,-275.8546142578125
110,29,0.9666666666666667,450.174072265625,299.1989440917969,0,376.9996643066406,-0.156036376953125,-0.156036376953125,-285.8982238769531
111,29,0.9666666666666667,440.14569091796875,299.1989440917969,0,377.2190246582031,0.2193603515625,0.2193603515625,-298.9795837402344
112,29,0.9666666666666667,431.6181640625,289.1546325683594,0,378.7674255371094,1.54840087890625,1.54840087890625,-287.3868713378906
113,29,0.9666666666666667,427.08062744140625,283.0009460449219,0,381.2195129394531,2.45208740234375,2.45208740234375,-278.7810974121094
114,29,0.9666666666666667,418.53466796875,261.9097595214844,0,382.746826171875,1.527313232421875,1.527313232421875,-256.16259765625
115,29,0.9666666666666667,409.2913818359375,238.59768676757812,0,385.62335205078125,2.87652587890625,2.87652587890625,-229.9739990234375
116,29,0.9666666666666667,405.87109375,205.87063598632812,0,390.6681213378906,5.044769287109375,5.044769287109375,-192.20217895507812
117,30,1.0,402.09400939941406,205.87063598632812,0,392.6067810058594,1.93865966796875,1.93865966796875,-190.26351928710938
118,30,1.0,398.54933166503906,184.60678100585938,0,398.78173828125,6.174957275390625,6.174957275390625,-162.82470703125
119,30,1.0,398.54933166503906,172.12179565429688,0,405.6451721191406,6.863433837890625,6.863433837890625,-143.47628784179688
120,30,1.0,398.54933166503906,146.07614135742188,0,408.9498291015625,3.304656982421875,3.304656982421875,-114.1259765625
121,30,1.0,398.54933166503906,123.78994750976562,0,416.1817321777344,7.231903076171875,7.231903076171875,-84.60787963867188
122,30,1.0,398.54933166503906,114.06820678710938,0,426.14349365234375,9.961761474609375,9.961761474609375,-64.92437744140625
123,30,1.0,398.54933166503906,94.20925903320312,0,431.3113708496094,5.167877197265625,5.167877197265625,-39.897552490234375
124,30,1.0,398.54933166503906,79.233154296875,0,441.5256042480469,10.2142333984375,10.2142333984375,-14.70721435546875
125,30,1.0,398.54933166503906,77.7042236328125,0,454.7038879394531,13.17828369140625,13.17828369140625,4.529815673828125
126,30,1.0,398.54933166503906,83.58633422851562,0,460.58599853515625,5.882110595703125,5.882110595703125,20.4403076171875
127,30,1.0,398.54933166503906,83.58633422851562,0,460.5234680175781,-0.062530517578125,-0.062530517578125,28.905303955078125
128,30,1.0,398.54933166503906,83.58633422851562,0,436.1462707519531,-24.377197265625,-24.377197265625,9.065643310546875
129,30,1.0,398.54933166503906,83.58633422851562,0,426.0030212402344,-10.14324951171875,-10.14324951171875,7.468353271484375
130,30,1.0,398.54933166503906,83.58633422851562,0,403.5347900390625,-22.468231201171875,-22.468231201171875,-5.756591796875
131,30,1.0,395.46185302734375,83.58633422851562,0,380.5533142089844,-22.981475830078125,-22.981475830078125,-25.317779541015625
132,30,1.0,391.7017364501953,89.53082275390625,0,371.05517578125,-9.498138427734375,-9.498138427734375,-27.261749267578125
133,30,1.0,390.73240661621094,108.7108154296875,0,351.87518310546875,-19.17999267578125,-19.17999267578125,-38.9215087890625
134,30,1.0,389.36415100097656,125.4051513671875,0,335.18084716796875,-16.6943359375,-16.6943359375,-52.87933349609375
135,30,1.0,388.14573669433594,133.55685424804688,0,327.0291442871094,-8.151702880859375,-8.151702880859375,-56.226837158203125
136,30,1.0,388.14573669433594,147.97637939453125,0,312.609619140625,-14.419525146484375,-14.419525146484375,-66.34286499023438
137,29,0.9666666666666667,390.6681213378906,147.97637939453125,1,312.609619140625,-14.419525146484375,-14.419525146484375,-65.2965087890625
138,28,0.9333333333333333,391.637451171875,147.97637939453125,2,312.609619140625,-14.419525146484375,-14.419525146484375,-64.54608154296875
139,27,0.9,392.6067810058594,147.97637939453125,3,312.609619140625,-14.419525146484375,-14.419525146484375,-64.39004516601562
140,26,0.8666666666666667,395.6942596435547,147.97637939453125,4,312.609619140625,-14.419525146484375,-14.419525146484375,-64.60940551757812
141,25,0.8333333333333334,398.78173828125,147.97637939453125,5,312.609619140625,-14.419525146484375,-14.419525146484375,-66.15780639648438
142,24,0.8,401.15826416015625,147.97637939453125,6,312.609619140625,-14.419525146484375,-14.419525146484375,-68.60989379882812
143,23,0.7666666666666667,403.5347900390625,147.97637939453125,7,312.609619140625,-14.419525146484375,-14.419525146484375,-70.13720703125
144,22,0.7333333333333333,404.58998107910156,147.97637939453125,8,312.609619140625,-14.419525146484375,-14.419525146484375,-73.01373291015625
145,21,0.7,405.6451721191406,147.97637939453125,9,312.609619140625,-14.419525146484375,-14.419525146484375,-78.05850219726562
146,20,0.6666666666666666,407.29750061035156,147.97637939453125,10,312.609619140625,-14.419525146484375,-14.419525146484375,-79.99716186523438
147,19,0.6333333333333333,408.9498291015625,147.97637939453125,11,312.609619140625,-14.419525146484375,-14.419525146484375,-86.172119140625
148,18,0.6,412.56578063964844,147.97637939453125,12,312.609619140625,-14.419525146484375,-14.419525146484375,-93.03555297851562
149,17,0.5666666666666667,416.1817321777344,147.97637939453125,13,312.609619140625,-14.419525146484375,-14.419525146484375,-96.3402099609375
150,16,0.5333333333333333,421.0923767089844,147.97637939453125,14,312.609619140625,-14.419525146484375,-14.419525146484375,-103.57211303710938
151,16,0.5333333333333333,414.76890563964844,228.48956298828125,0,232.096435546875,-80.51318359375,-5.367545572916667,-194.04705810546875
152,15,0.5,403.5347900390625,228.48956298828125,1,232.096435546875,-80.51318359375,-5.367545572916667,-199.21493530273438
153,14,0.4666666666666667,392.04405212402344,228.48956298828125,2,232.096435546875,-80.51318359375,-5.367545572916667,-209.42916870117188
154,13,0.43333333333333335,380.5533142089844,228.48956298828125,3,232.096435546875,-80.51318359375,-5.367545572916667,-222.60745239257812
155,12,0.4,375.8042449951172,228.48956298828125,4,232.096435546875,-80.51318359375,-5.367545572916667,-228.48956298828125
156,11,0.36666666666666664,371.05517578125,228.42703247070312,5,232.096435546875,-80.51318359375,-5.367545572916667,-228.42703247070312
157,10,0.3333333333333333,361.4651794433594,204.04983520507812,6,232.096435546875,-80.51318359375,-5.367545572916667,-204.04983520507812
158,9,0.3,351.87518310546875,193.90658569335938,7,232.096435546875,-80.51318359375,-5.367545572916667,-193.90658569335938
159,8,0.26666666666666666,343.52801513671875,171.4383544921875,8,232.096435546875,-80.51318359375,-5.367545572916667,-171.4383544921875
160,7,0.23333333333333334,335.18084716796875,148.45687866210938,9,232.096435546875,-80.51318359375,-5.367545572916667,-148.45687866210938
161,6,0.2,331.10499572753906,138.958740234375,10,232.096435546875,-80.51318359375,-5.367545572916667,-138.958740234375
162,5,0.16666666666666666,327.0291442871094,119.77874755859375,11,232.096435546875,-80.51318359375,-5.367545572916667,-119.77874755859375
163,4,0.13333333333333333,319.8193817138672,103.08441162109375,12,232.096435546875,-80.51318359375,-5.367545572916667,-103.08441162109375
164,3,0.1,312.609619140625,94.93270874023438,13,232.096435546875,-80.51318359375,-5.367545572916667,-94.93270874023438
165,2,0.06666666666666667,272.35302734375,80.51318359375,14,232.096435546875,-80.51318359375,-5.367545572916667,-80.51318359375
166,2,0.06666666666666667,281.1636657714844,98.13446044921875,0,330.23089599609375,98.13446044921875,6.54229736328125,98.13446044921875
167,3,0.1,330.23089599609375,116.6036376953125,0,348.7000732421875,18.46917724609375,18.46917724609375,116.6036376953125
168,4,0.13333333333333333,339.4654846191406,126.5755615234375,0,358.6719970703125,9.971923828125,9.971923828125,126.5755615234375
169,5,0.16666666666666666,348.7000732421875,144.3055419921875,0,376.4019775390625,17.72998046875,17.72998046875,144.3055419921875
170,6,0.2,353.68603515625,163.950927734375,0,396.04736328125,19.6453857421875,19.6453857421875,163.950927734375
171,7,0.23333333333333334,358.6719970703125,174.53411865234375,0,406.63055419921875,10.58319091796875,10.58319091796875,174.53411865234375
172,8,0.26666666666666666,367.5369873046875,196.4117431640625,0,428.5081787109375,21.87762451171875,21.87762451171875,196.4117431640625
173,9,0.3,376.4019775390625,218.97412109375,0,451.070556640625,22.5623779296875,22.5623779296875,218.97412109375
174,10,0.3333333333333333,386.22467041015625,230.915283203125,0,463.01171875,11.941162109375,11.941162109375,230.915283203125
175,11,0.36666666666666664,396.04736328125,255.1402587890625,0,487.2366943359375,24.2249755859375,24.2249755859375,255.1402587890625
176,12,0.4,401.3389587402344,280.31536865234375,0,512.4118041992188,25.17510986328125,25.17510986328125,280.31536865234375
177,13,0.43333333333333335,406.63055419921875,292.97015380859375,0,525.0665893554688,12.65478515625,12.65478515625,292.97015380859375
178,14,0.4666666666666667,417.5693664550781,318.93505859375,0,551.031494140625,25.96490478515625,25.96490478515625,318.93505859375
179,15,0.5,428.5081787109375,338.52227783203125,0,570.6187133789062,19.58721923828125,19.58721923828125,338.52227783203125
180,16,0.5333333333333333,439.78936767578125,338.52227783203125,0,561.5525512695312,-9.066162109375,-9.066162109375,329.45611572265625
181,16,0.5333333333333333,457.0411376953125,240.3878173828125,0,540.5245361328125,-21.02801513671875,-21.02801513671875,210.29364013671875
182,17,0.5666666666666667,463.01171875,240.3878173828125,0,519.359619140625,-21.1649169921875,-21.1649169921875,189.12872314453125
183,18,0.6,475.12420654296875,240.3878173828125,0,510.54510498046875,-8.81451416015625,-8.81451416015625,180.314208984375
184,19,0.6333333333333333,487.2366943359375,240.3878173828125,0,492.900146484375,-17.64495849609375,-17.64495849609375,162.66925048828125
185,20,0.6666666666666666,481.8623046875,240.3878173828125,0,476.4879150390625,-16.4122314453125,-16.4122314453125,146.25701904296875
186,21,0.7,476.4879150390625,240.3878173828125,0,467.04852294921875,-9.43939208984375,-9.43939208984375,136.817626953125
187,22,0.7333333333333333,471.7682189941406,240.3878173828125,0,452.0313720703125,-15.01715087890625,-15.01715087890625,121.80047607421875
188,23,0.7666666666666667,467.04852294921875,240.3878173828125,0,436.9931335449219,-15.038238525390625,-15.038238525390625,106.76223754882812
189,24,0.8,465.0301208496094,240.3878173828125,0,428.47613525390625,-8.516998291015625,-8.516998291015625,98.2452392578125
190,25,0.8333333333333334,463.01171875,240.3878173828125,0,415.5874938964844,-12.888641357421875,-12.888641357421875,85.35659790039062
191,26,0.8666666666666667,457.52154541015625,240.3878173828125,0,403.5728454589844,-12.0146484375,-12.0146484375,73.34194946289062
192,27,0.9,452.0313720703125,240.3878173828125,0,398.48822021484375,-5.084625244140625,-5.084625244140625,68.25732421875
193,28,0.9333333333333333,451.55096435546875,240.3878173828125,0,389.35406494140625,-9.1341552734375,-9.1341552734375,59.1231689453125
194,29,0.9666666666666667,451.070556640625,240.3878173828125,0,381.5477294921875,-7.80633544921875,-7.80633544921875,51.31683349609375
195,30,1.0,444.03184509277344,240.3878173828125,0,378.00469970703125,-3.54302978515625,-3.54302978515625,47.7738037109375
196,30,1.0,444.03184509277344,221.91864013671875,0,374.7059326171875,-3.29876708984375,-3.29876708984375,26.005859375
197,30,1.0,444.03184509277344,211.94671630859375,0,372.05523681640625,-2.65069580078125,-2.65069580078125,13.38323974609375
198,30,1.0,444.03184509277344,199.35308837890625,0,371.265625,-0.78961181640625,-0.78961181640625,-5.1363525390625
199,30,1.0,444.03184509277344,200.20416259765625,0,370.41455078125,-0.85107421875,-0.85107421875,-25.6328125
200,30,1.0,444.03184509277344,200.20416259765625,0,370.8325500488281,0.417999267578125,0.417999267578125,-35.798004150390625
201,30,1.0,444.03184509277344,200.20416259765625,0,370.94635009765625,0.113800048828125,0.113800048828125,-57.56182861328125
202,30,1.0,444.03184509277344,200.20416259765625,0,372.5447082519531,1.598358154296875,1.598358154296875,-78.52584838867188
203,30,1.0,432.73463439941406,200.20416259765625,0,374.63983154296875,2.095123291015625,2.095123291015625,-88.37188720703125
204,30,1.0,422.0318145751953,200.20416259765625,0,376.5914306640625,1.95159912109375,1.95159912109375,-110.645263671875
205,30,1.0,409.5801696777344,200.20416259765625,0,378.9498291015625,2.3583984375,2.3583984375,-133.46197509765625
206,30,1.0,401.03053283691406,200.20416259765625,0,383.5166931152344,4.566864013671875,4.566864013671875,-141.54989624023438
207,30,1.0,393.921142578125,200.20416259765625,0,386.8656311035156,3.34893798828125,3.34893798828125,-164.16586303710938
208,30,1.0,391.2801513671875,200.20416259765625,0,393.20623779296875,6.340606689453125,6.340606689453125,-177.4124755859375
209,30,1.0,391.2801513671875,191.13800048828125,0,401.1019287109375,7.89569091796875,7.89569091796875,-160.45062255859375
210,30,1.0,391.2801513671875,170.1099853515625,0,405.93896484375,4.8370361328125,4.8370361328125,-134.5855712890625
211,30,1.0,391.2801513671875,148.945068359375,0,417.42498779296875,11.48602294921875,11.48602294921875,-101.93463134765625
212,30,1.0,391.2801513671875,140.13055419921875,0,430.29681396484375,12.871826171875,12.871826171875,-80.248291015625
213,30,1.0,391.2801513671875,122.485595703125,0,437.28619384765625,6.9893798828125,6.9893798828125,-55.61395263671875
214,30,1.0,391.2801513671875,106.0733642578125,0,450.012451171875,12.72625732421875,12.72625732421875,-26.4754638671875
215,30,1.0,391.2801513671875,96.63397216796875,0,465.11383056640625,15.10137939453125,15.10137939453125,-1.9346923828125
216,30,1.0,391.2801513671875,102.16354370117188,0,472.5780944824219,7.464263916015625,7.464263916015625,20.546722412109375
217,30,1.0,391.2801513671875,117.53009033203125,0,487.94464111328125,15.366546630859375,15.366546630859375,50.951507568359375
218,30,1.0,391.2801513671875,133.2335205078125,0,503.6480712890625,15.70343017578125,15.70343017578125,75.17193603515625
219,30,1.0,391.2801513671875,142.6905517578125,0,513.1051025390625,9.45703125,9.45703125,97.51760864257812
220,30,1.0,391.2801513671875,160.323974609375,0,530.738525390625,17.6334228515625,17.6334228515625,127.16567993164062
221,30,1.0,391.2801513671875,178.80810546875,0,549.22265625,18.484130859375,18.484130859375,150.73443603515625
222,30,1.0,391.2801513671875,186.0703125,0,556.48486328125,7.26220703125,7.26220703125,167.13079833984375
223,29,0.9666666666666667,393.20623779296875,186.0703125,1,556.48486328125,7.26220703125,7.26220703125,174.9371337890625
224,29,0.9666666666666667,401.1019287109375,186.0703125,0,523.594482421875,-32.890380859375,-16.4451904296875,145.58978271484375
225,29,0.9666666666666667,405.93896484375,186.0703125,0,508.392333984375,-15.2021484375,-15.2021484375,133.6864013671875
226,29,0.9666666666666667,417.42498779296875,186.0703125,0,478.76739501953125,-29.62493896484375,-29.62493896484375,106.712158203125
227,29,0.9666666666666667,430.29681396484375,186.0703125,0,452.751953125,-26.01544189453125,-26.01544189453125,81.486328125
228,29,0.9666666666666667,437.28619384765625,186.0703125,0,439.93023681640625,-12.82171630859375,-12.82171630859375,69.51568603515625
229,29,0.9666666666666667,437.28619384765625,185.65231323242188,0,413.65283203125,-26.27740478515625,-26.27740478515625,42.820281982421875
230,29,0.9666666666666667,437.28619384765625,185.53851318359375,0,388.6844482421875,-24.9683837890625,-24.9683837890625,17.73809814453125
231,29,0.9666666666666667,437.28619384765625,183.94015502929688,0,376.03411865234375,-12.65032958984375,-12.65032958984375,3.489410400390625
232,29,0.9666666666666667,437.28619384765625,202.39889526367188,0,354.0859680175781,-21.948150634765625,-21.948150634765625,-20.553863525390625
233,28,0.9333333333333333,438.60821533203125,202.39889526367188,1,354.0859680175781,-21.948150634765625,-21.948150634765625,-22.505462646484375
234,28,0.9333333333333333,438.60821533203125,234.732421875,0,321.75244140625,-32.333526611328125,-16.166763305664062,-57.1973876953125
235,28,0.9333333333333333,438.60821533203125,253.327880859375,0,303.156982421875,-18.595458984375,-18.595458984375,-80.35971069335938
236,27,0.9,439.93023681640625,253.327880859375,1,303.156982421875,-18.595458984375,-18.595458984375,-83.70864868164062
237,26,0.8666666666666667,444.9713439941406,253.327880859375,2,303.156982421875,-18.595458984375,-18.595458984375,-90.04925537109375
238,25,0.8333333333333334,450.012451171875,253.327880859375,3,303.156982421875,-18.595458984375,-18.595458984375,-97.9449462890625
239,24,0.8,451.3822021484375,253.327880859375,4,303.156982421875,-18.595458984375,-18.595458984375,-102.781982421875
240,23,0.7666666666666667,452.751953125,253.327880859375,5,303.156982421875,-18.595458984375,-18.595458984375,-114.26800537109375
241,22,0.7333333333333333,458.9328918457031,253.327880859375,6,303.156982421875,-18.595458984375,-18.595458984375,-127.13983154296875
242,21,0.7,465.11383056640625,253.327880859375,7,303.156982421875,-18.595458984375,-18.595458984375,-134.12921142578125
243,20,0.6666666666666666,468.84596252441406,253.327880859375,8,303.156982421875,-18.595458984375,-18.595458984375,-146.85546875
244,19,0.6333333333333333,472.5780944824219,253.327880859375,9,303.156982421875,-18.595458984375,-18.595458984375,-161.95684814453125
245,18,0.6,475.67274475097656,253.327880859375,10,303.156982421875,-18.595458984375,-18.595458984375,-169.42111206054688
246,17,0.5666666666666667,478.76739501953125,253.327880859375,11,303.156982421875,-18.595458984375,-18.595458984375,-184.78765869140625
247,16,0.5333333333333333,465.7596740722656,253.327880859375,12,303.156982421875,-18.595458984375,-18.595458984375,-200.4910888671875
248,15,0.5,452.751953125,253.327880859375,13,303.156982421875,-18.595458984375,-18.595458984375,-209.9481201171875
249,14,0.4666666666666667,446.3410949707031,253.327880859375,14,303.156982421875,-18.595458984375,-18.595458984375,-227.58154296875
250,13,0.43333333333333335,439.93023681640625,253.327880859375,15,303.156982421875,-18.595458984375,-18.595458984375,-246.065673828125
251,12,0.4,426.7915344238281,253.327880859375,16,303.156982421875,-18.595458984375,-18.595458984375,-253.327880859375
252,11,0.36666666666666664,413.65283203125,220.4375,17,303.156982421875,-18.595458984375,-18.595458984375,-220.4375
253,11,0.36666666666666664,413.65283203125,220.4375,18,303.156982421875,-18.595458984375,-18.595458984375,-220.4375
254,10,0.3333333333333333,401.16864013671875,205.2353515625,19,303.156982421875,-18.595458984375,-18.595458984375,-205.2353515625
255,9,0.3,388.6844482421875,175.61041259765625,20,303.156982421875,-18.595458984375,-18.595458984375,-175.61041259765625
256,8,0.26666666666666666,382.3592834472656,149.594970703125,21,303.156982421875,-18.595458984375,-18.595458984375,-149.594970703125
257,7,0.23333333333333334,376.03411865234375,136.77325439453125,22,303.156982421875,-18.595458984375,-18.595458984375,-136.77325439453125
258,6,0.2,365.06004333496094,110.495849609375,23,303.156982421875,-18.595458984375,-18.595458984375,-110.495849609375
259,5,0.16666666666666666,354.0859680175781,85.5274658203125,24,303.156982421875,-18.595458984375,-18.595458984375,-85.5274658203125
260,4,0.13333333333333333,337.91920471191406,72.87713623046875,25,303.156982421875,-18.595458984375,-18.595458984375,-72.87713623046875
261,3,0.1,321.75244140625,50.928985595703125,26,303.156982421875,-18.595458984375,-18.595458984375,-50.928985595703125
262,2,0.06666666666666667,312.4547119140625,18.595458984375,27,303.156982421875,-18.595458984375,-18.595458984375,-18.595458984375
263,2,0.06666666666666667,312.4547119140625,18.595458984375,28,303.156982421875,-18.595458984375,-18.595458984375,-18.595458984375
264,1,0.03333333333333333,303.156982421875,0.0,29,303.156982421875,,,
265,0,0.0,,,30,,,,
266,0,0.0,,,30,,,,
267,0,0.0,,,30,,,,
268,0,0.0,,,30,,,,
269,0,0.0,,,30,,,,
270,0,0.0,,,30,,,,
271,0,0.0,,,30,,,,
272,0,0.0,,,30,,,,
273,0,0.0,,,30,,,,
274,0,0.0,,,30,,,,
275,1,0.03333333333333333,248.93707275390625,0.0,0,248.93707275390625,,,
276,2,0.06666666666666667,253.7567901611328,9.639434814453125,0,258.5765075683594,9.639434814453125,9.639434814453125,9.639434814453125
277,3,0.1,258.5765075683594,27.79583740234375,0,276.73291015625,18.156402587890625,18.156402587890625,27.79583740234375
278,4,0.13333333333333333,267.6547088623047,48.4132080078125,0,297.35028076171875,20.61737060546875,20.61737060546875,48.4132080078125
279,5,0.16666666666666666,276.73291015625,56.937591552734375,0,305.8746643066406,8.524383544921875,8.524383544921875,56.937591552734375
280,6,0.2,287.0415954589844,79.63177490234375,0,328.56884765625,22.694183349609375,22.694183349609375,79.63177490234375
281,7,0.23333333333333334,297.35028076171875,104.12200927734375,0,353.05908203125,24.490234375,24.490234375,104.12200927734375
282,8,0.26666666666666666,301.6124725341797,116.5797119140625,0,365.51678466796875,12.45770263671875,12.45770263671875,116.5797119140625
283,9,0.3,305.8746643066406,145.7620849609375,0,394.69915771484375,29.182373046875,29.182373046875,145.7620849609375
284,10,0.3333333333333333,317.2217559814453,172.75656127929688,0,421.6936340332031,26.994476318359375,26.994476318359375,172.75656127929688
285,11,0.36666666666666664,328.56884765625,187.55624389648438,0,436.4933166503906,14.7996826171875,14.7996826171875,187.55624389648438
286,12,0.4,340.81396484375,217.863037109375,0,466.80010986328125,30.306793212890625,30.306793212890625,217.863037109375
287,13,0.43333333333333335,353.05908203125,249.737548828125,0,498.67462158203125,31.87451171875,31.87451171875,249.737548828125
288,14,0.4666666666666667,359.2879333496094,265.2430419921875,0,514.1801147460938,15.5054931640625,15.5054931640625,265.2430419921875
289,15,0.5,365.51678466796875,298.4000244140625,0,547.3370971679688,33.156982421875,33.156982421875,298.4000244140625
290,16,0.5333333333333333,380.10797119140625,331.11834716796875,0,580.055419921875,32.71832275390625,32.71832275390625,331.11834716796875
291,17,0.5666666666666667,394.69915771484375,348.69720458984375,0,597.63427734375,17.578857421875,17.578857421875,348.69720458984375
292,17,0.5666666666666667,394.69915771484375,348.69720458984375,1,597.63427734375,17.578857421875,17.578857421875,348.69720458984375
293,18,0.6,408.19639587402344,424.0594482421875,0,672.9965209960938,75.36224365234375,37.681121826171875,424.0594482421875
294,19,0.6333333333333333,421.6936340332031,441.99176025390625,0,690.9288330078125,17.93231201171875,17.93231201171875,441.99176025390625
295,20,0.6666666666666666,429.0934753417969,478.54974365234375,0,727.48681640625,36.5579833984375,36.5579833984375,478.54974365234375
296,21,0.7,436.4933166503906,478.54974365234375,0,717.318115234375,-10.168701171875,-10.168701171875,468.38104248046875
297,22,0.7333333333333333,451.64671325683594,478.54974365234375,0,712.243408203125,-5.07470703125,-5.07470703125,463.30633544921875
298,23,0.7666666666666667,466.80010986328125,478.54974365234375,0,702.101806640625,-10.1416015625,-10.1416015625,453.16473388671875
299,24,0.8,482.73736572265625,478.54974365234375,0,693.5225830078125,-8.5792236328125,-8.5792236328125,444.58551025390625
300,25,0.8333333333333334,498.67462158203125,478.54974365234375,0,689.5628662109375,-3.959716796875,-3.959716796875,440.62579345703125
301,26,0.8666666666666667,506.4273681640625,478.54974365234375,0,682.5914306640625,-6.971435546875,-6.971435546875,433.65435791015625
302,27,0.9,514.1801147460938,478.54974365234375,0,677.1422729492188,-5.44915771484375,-5.44915771484375,428.2052001953125
303,28,0.9333333333333333,530.7586059570312,478.54974365234375,0,675.1802368164062,-1.9620361328125,-1.9620361328125,426.2431640625
304,29,0.9666666666666667,547.3370971679688,478.54974365234375,0,669.998046875,-5.18218994140625,-5.18218994140625,421.06097412109375
305,28,0.9333333333333333,563.6962585449219,468.9103088378906,1,669.998046875,-5.18218994140625,-5.18218994140625,411.4215393066406
306,28,0.9333333333333333,588.8448486328125,450.75390625,0,666.2026977539062,-3.79534912109375,-1.897674560546875,389.46978759765625
307,28,0.9333333333333333,631.5524291992188,430.13653564453125,0,665.4705810546875,-0.73211669921875,-0.73211669921875,368.12030029296875
308,28,0.9333333333333333,665.3140258789062,421.6121520996094,0,665.157470703125,-0.3131103515625,-0.3131103515625,359.2828063964844
309,28,0.9333333333333333,665.6265258789062,398.91796875,0,665.782470703125,0.625,0.625,337.213623046875
310,28,0.9333333333333333,665.9925842285156,374.427734375,0,666.6746826171875,0.8922119140625,0.8922119140625,313.6156005859375
311,28,0.9333333333333333,666.4386901855469,361.97003173828125,0,670.34228515625,3.6676025390625,3.6676025390625,304.82550048828125
312,28,0.9333333333333333,668.3363647460938,332.78765869140625,0,672.8303833007812,2.48809814453125,2.48809814453125,278.1312255859375
313,28,0.9333333333333333,670.170166015625,305.7931823730469,0,679.3436889648438,6.5133056640625,6.5133056640625,257.6500549316406
314,28,0.9333333333333333,671.5863342285156,290.9934997558594,0,686.7691650390625,7.42547607421875,7.42547607421875,250.27584838867188
315,28,0.9333333333333333,672.9134521484375,260.68670654296875,0,690.37548828125,3.6063232421875,3.6063232421875,223.57537841796875
316,28,0.9333333333333333,674.08837890625,228.81219482421875,0,698.5299072265625,8.1544189453125,8.1544189453125,199.85528564453125
317,28,0.9333333333333333,676.1612548828125,213.30670166015625,0,707.746337890625,9.2164306640625,9.2164306640625,193.56622314453125
318,28,0.9333333333333333,678.2429809570312,180.14971923828125,0,712.2679443359375,4.5216064453125,4.5216064453125,164.93084716796875
319,27,0.9,679.3436889648438,147.431396484375,1,712.2679443359375,4.5216064453125,4.5216064453125,132.2125244140625
320,26,0.8666666666666667,680.9675598144531,129.8525390625,2,712.2679443359375,4.5216064453125,4.5216064453125,114.6336669921875
321,25,0.8333333333333334,682.5914306640625,62.329345703125,3,712.2679443359375,4.5216064453125,4.5216064453125,39.27142333984375
322,26,0.8666666666666667,684.6802978515625,94.53179931640625,0,759.6892700195312,47.42132568359375,11.855331420898438,86.6927490234375
323,26,0.8666666666666667,688.166015625,94.53179931640625,0,755.4373779296875,-4.25189208984375,-4.25189208984375,64.508544921875
324,25,0.8333333333333334,686.7691650390625,94.53179931640625,1,755.4373779296875,-4.25189208984375,-4.25189208984375,27.9505615234375
325,24,0.8,684.6802978515625,94.53179931640625,2,755.4373779296875,-4.25189208984375,-4.25189208984375,38.1192626953125
326,23,0.7666666666666667,682.5914306640625,94.53179931640625,3,755.4373779296875,-4.25189208984375,-4.25189208984375,43.1939697265625
327,22,0.7333333333333333,680.9675598144531,94.53179931640625,4,755.4373779296875,-4.25189208984375,-4.25189208984375,53.3355712890625
328,22,0.7333333333333333,680.9675598144531,94.53179931640625,0,715.7794799804688,-39.65789794921875,-7.93157958984375,22.25689697265625
329,22,0.7333333333333333,680.9675598144531,94.53179931640625,0,710.802001953125,-4.97747802734375,-4.97747802734375,21.2391357421875
330,22,0.7333333333333333,680.9675598144531,94.53179931640625,0,707.9583740234375,-2.8436279296875,-2.8436279296875,25.366943359375
331,22,0.7333333333333333,683.0564270019531,94.53179931640625,0,702.22705078125,-5.7313232421875,-5.7313232421875,25.08477783203125
332,22,0.7333333333333333,688.5723266601562,94.53179931640625,0,698.7486572265625,-3.4783935546875,-3.4783935546875,23.56842041015625
333,22,0.7333333333333333,693.8497009277344,94.53179931640625,0,697.3239135742188,-1.42474365234375,-1.42474365234375,27.32586669921875
334,22,0.7333333333333333,696.2602233886719,94.53179931640625,0,695.196533203125,-2.12738037109375,-2.12738037109375,28.99383544921875
335,23,0.7666666666666667,695.196533203125,94.53179931640625,0,693.7665405273438,-1.42999267578125,-1.42999267578125,27.5638427734375
336,23,0.7666666666666667,695.196533203125,94.53179931640625,0,694.2235107421875,0.45697021484375,0.45697021484375,28.7529296875
337,23,0.7666666666666667,695.196533203125,94.53179931640625,0,690.169677734375,-4.0538330078125,-4.0538330078125,25.01220703125
338,23,0.7666666666666667,695.196533203125,93.90679931640625,0,682.84375,-7.325927734375,-7.325927734375,17.061279296875
339,22,0.7333333333333333,696.2602233886719,93.01458740234375,1,682.84375,-7.325927734375,-7.325927734375,16.1690673828125
340,21,0.7,697.3239135742188,89.34698486328125,2,682.84375,-7.325927734375,-7.325927734375,12.50146484375
341,21,0.7,697.3239135742188,93.408203125,0,666.2810668945312,-16.56268310546875,-5.520894368489583,-6.54931640625
342,21,0.7,697.3239135742188,95.633056640625,0,664.0562133789062,-2.224853515625,-2.224853515625,-15.2874755859375
343,20,0.6666666666666666,697.9269104003906,95.633056640625,1,664.0562133789062,-2.224853515625,-2.224853515625,-22.71295166015625
344,20,0.6666666666666666,697.9269104003906,95.633056640625,0,664.406005859375,0.34979248046875,0.174896240234375,-25.969482421875
345,20,0.6666666666666666,697.9269104003906,98.910888671875,0,660.7783813476562,-3.62762451171875,-3.62762451171875,-37.75152587890625
346,20,0.6666666666666666,696.2602233886719,106.83575439453125,0,652.853515625,-7.92486572265625,-7.92486572265625,-54.892822265625
347,19,0.6333333333333333,695.196533203125,106.83575439453125,1,652.853515625,-7.92486572265625,-7.92486572265625,-59.4144287109375
348,19,0.6333333333333333,694.2235107421875,115.50653076171875,0,644.1827392578125,-8.6707763671875,-4.33538818359375,-115.50653076171875
349,20,0.6666666666666666,693.9950256347656,120.10650634765625,0,639.582763671875,-4.5999755859375,-4.5999755859375,-120.10650634765625
350,21,0.7,693.7665405273438,123.80950927734375,0,635.8797607421875,-3.7030029296875,-3.7030029296875,-123.80950927734375
351,22,0.7333333333333333,691.9681091308594,125.45880126953125,0,634.23046875,-1.6492919921875,-1.6492919921875,-125.45880126953125
352,22,0.7333333333333333,686.5067138671875,121.8819580078125,0,633.555419921875,-0.675048828125,-0.675048828125,-121.8819580078125
353,22,0.7333333333333333,674.5624084472656,83.23260498046875,0,632.546875,-1.008544921875,-1.008544921875,-83.23260498046875
354,23,0.7666666666666667,666.2810668945312,83.2813720703125,0,632.4981079101562,-0.04876708984375,-0.04876708984375,-83.2813720703125
355,24,0.8,665.3435363769531,83.2813720703125,0,632.8536987304688,0.3555908203125,0.3555908203125,-82.92578125
356,25,0.8333333333333334,664.406005859375,83.2813720703125,0,634.7561645507812,1.9024658203125,1.9024658203125,-81.0233154296875
357,26,0.8666666666666667,664.2311096191406,83.2813720703125,0,635.9747314453125,1.21856689453125,1.21856689453125,-79.80474853515625
358,26,0.8666666666666667,662.4172973632812,78.30389404296875,0,639.2625732421875,3.287841796875,3.287841796875,-71.5394287109375
359,26,0.8666666666666667,656.8159484863281,75.46026611328125,0,644.3079833984375,5.04541015625,5.04541015625,-63.650390625
360,26,0.8666666666666667,649.9066772460938,69.72894287109375,0,646.9598388671875,2.65185546875,2.65185546875,-55.2672119140625
361,26,0.8666666666666667,649.9066772460938,66.25054931640625,0,654.596435546875,7.6365966796875,7.6365966796875,-44.1522216796875
362,26,0.8666666666666667,649.9066772460938,64.8258056640625,0,662.6978149414062,8.10137939453125,8.10137939453125,-34.6260986328125
363,26,0.8666666666666667,649.9066772460938,62.69842529296875,0,660.7459716796875,-1.95184326171875,-1.95184326171875,-34.4505615234375
364,26,0.8666666666666667,649.9066772460938,61.72540283203125,0,658.29150390625,-2.4544677734375,-2.4544677734375,-35.47503662109375
365,26,0.8666666666666667,649.9066772460938,61.72540283203125,0,657.2794189453125,-1.0120849609375,-1.0120849609375,-36.944091796875
366,26,0.8666666666666667,649.9066772460938,57.67156982421875,0,655.96923828125,-1.3101806640625,-1.3101806640625,-34.200439453125
367,26,0.8666666666666667,649.9066772460938,50.34564208984375,0,656.0211181640625,0.0518798828125,0.0518798828125,-26.8226318359375
368,26,0.8666666666666667,649.9066772460938,33.782958984375,0,656.2386474609375,0.217529296875,0.217529296875,-10.04241943359375
369,27,0.9,652.853515625,33.782958984375,0,657.3101806640625,1.071533203125,1.071533203125,-8.97088623046875
370,28,0.9333333333333333,653.7249755859375,33.782958984375,0,659.8858642578125,2.57568359375,2.57568359375,-6.39520263671875
371,28,0.9333333333333333,653.7249755859375,31.90789794921875,0,660.9649658203125,1.0791015625,1.0791015625,-3.09124755859375
372,28,0.9333333333333333,653.7249755859375,32.01092529296875,0,664.509033203125,3.5440673828125,3.5440673828125,0.10302734375
373,29,0.9666666666666667,654.596435546875,37.25048828125,0,669.7485961914062,5.23956298828125,5.23956298828125,5.34259033203125
374,29,0.9666666666666667,654.596435546875,38.32269287109375,0,670.82080078125,1.07220458984375,1.07220458984375,10.04241943359375
375,29,0.9666666666666667,654.596435546875,38.32269287109375,0,668.3878173828125,-2.4329833984375,-2.4329833984375,15.5343017578125
376,29,0.9666666666666667,655.96923828125,38.32269287109375,0,666.2943115234375,-2.093505859375,-2.093505859375,22.111572265625
377,30,1.0,655.9951782226562,38.32269287109375,0,665.55908203125,-0.7352294921875,-0.7352294921875,21.3763427734375
378,30,1.0,656.1298828125,38.32269287109375,0,665.6546630859375,0.0955810546875,0.0955810546875,26.0718994140625
379,30,1.0,656.759033203125,38.32269287109375,0,667.5608520507812,1.90618896484375,1.90618896484375,31.68109130859375
380,30,1.0,657.2947998046875,38.32269287109375,0,668.5145263671875,0.95367431640625,0.95367431640625,34.2840576171875
381,30,1.0,657.8008422851562,38.32269287109375,0,670.5280151367188,2.01348876953125,2.01348876953125,36.97259521484375
382,30,1.0,659.0886840820312,38.32269287109375,0,669.8624267578125,-0.66558837890625,-0.66558837890625,37.3155517578125
383,30,1.0,660.31591796875,38.32269287109375,0,669.4178466796875,-0.444580078125,-0.444580078125,36.91973876953125
384,30,1.0,660.85546875,37.96710205078125,0,665.696533203125,-3.7213134765625,-3.7213134765625,32.84283447265625
385,30,1.0,661.7672729492188,36.06463623046875,0,662.569580078125,-3.126953125,-3.126953125,27.81341552734375
386,30,1.0,661.7672729492188,34.8460693359375,0,660.74169921875,-1.827880859375,-1.827880859375,24.7669677734375
387,30,1.0,661.7672729492188,31.5582275390625,0,658.996337890625,-1.745361328125,-1.745361328125,19.7337646484375
388,30,1.0,661.7672729492188,26.5128173828125,0,654.9498291015625,-4.0465087890625,-4.0465087890625,10.641845703125
389,30,1.0,661.7672729492188,23.8609619140625,0,652.7914428710938,-2.15838623046875,-2.15838623046875,5.83160400390625
390,30,1.0,661.7672729492188,21.54876708984375,0,649.2720336914062,-3.5194091796875,-3.5194091796875,-5.32440185546875
391,30,1.0,661.7672729492188,23.378662109375,0,647.442138671875,-1.82989501953125,-1.82989501953125,-15.25567626953125
392,30,1.0,660.85546875,23.99951171875,0,646.8212890625,-0.620849609375,-0.620849609375,-13.9246826171875
393,30,1.0,660.8533325195312,27.6519775390625,0,643.1688232421875,-3.6524658203125,-3.6524658203125,-15.1226806640625
394,30,1.0,660.8533325195312,30.616943359375,0,640.203857421875,-2.9649658203125,-2.9649658203125,-17.0755615234375
395,30,1.0,660.8533325195312,32.5426025390625,0,638.2781982421875,-1.9256591796875,-1.9256591796875,-17.6910400390625
396,29,0.9666666666666667,660.9649658203125,32.5426025390625,1,638.2781982421875,-1.9256591796875,-1.9256591796875,-17.742919921875
397,29,0.9666666666666667,660.9649658203125,38.71923828125,0,632.1015625,-6.1766357421875,-3.08831787109375,-24.1370849609375
398,29,0.9666666666666667,660.9649658203125,39.174072265625,0,631.646728515625,-0.454833984375,-0.454833984375,-25.6634521484375
399,29,0.9666666666666667,660.9649658203125,42.4451904296875,0,628.3756103515625,-3.2711181640625,-3.2711181640625,-31.51025390625
400,29,0.9666666666666667,660.9649658203125,45.8572998046875,0,624.9635009765625,-3.412109375,-3.412109375,-36.00146484375
401,29,0.9666666666666667,660.74169921875,46.56689453125,0,624.25390625,-0.7095947265625,-0.7095947265625,-40.255126953125
402,29,0.9666666666666667,658.996337890625,47.83544921875,0,622.9853515625,-1.2685546875,-1.2685546875,-46.76324462890625
403,29,0.9666666666666667,654.9498291015625,51.1536865234375,0,619.6671142578125,-3.3182373046875,-3.3182373046875,-51.1536865234375
404,29,0.9666666666666667,652.7914428710938,52.67095947265625,0,617.8570556640625,-1.81005859375,-1.81005859375,-50.53076171875
405,29,0.9666666666666667,649.2720336914062,55.33465576171875,0,615.193359375,-2.6636962890625,-2.6636962890625,-51.1009521484375
406,29,0.9666666666666667,647.442138671875,56.89227294921875,0,613.6357421875,-1.5576171875,-1.5576171875,-51.92333984375
407,29,0.9666666666666667,646.8212890625,57.4779052734375,0,613.0501098632812,-0.58563232421875,-0.58563232421875,-52.60455322265625
408,29,0.9666666666666667,643.1688232421875,59.92462158203125,0,610.6033935546875,-2.44671630859375,-2.44671630859375,-56.95745849609375
409,29,0.9666666666666667,640.203857421875,62.41900634765625,0,608.1090087890625,-2.494384765625,-2.494384765625,-60.405517578125
410,29,0.9666666666666667,638.2781982421875,63.27984619140625,0,607.2481689453125,-0.86083984375,-0.86083984375,-63.27984619140625
411,29,0.9666666666666667,632.1015625,63.97802734375,0,605.8843994140625,-1.36376953125,-1.36376953125,-63.97802734375
412,29,0.9666666666666667,631.646728515625,64.8458251953125,0,604.572021484375,-1.3123779296875,-1.3123779296875,-64.8458251953125
413,29,0.9666666666666667,628.3756103515625,62.29345703125,0,603.403076171875,-1.1689453125,-1.1689453125,-62.29345703125
414,29,0.9666666666666667,624.9635009765625,61.4830322265625,0,601.0865478515625,-2.3165283203125,-2.3165283203125,-61.4830322265625
415,29,0.9666666666666667,624.25390625,61.122314453125,0,599.619384765625,-1.4671630859375,-1.4671630859375,-61.122314453125
416,29,0.9666666666666667,622.9853515625,59.876708984375,0,599.11962890625,-0.499755859375,-0.499755859375,-59.876708984375
417,29,0.9666666666666667,619.6671142578125,57.263916015625,0,597.6859130859375,-1.4337158203125,-1.4337158203125,-57.263916015625
418,29,0.9666666666666667,617.8570556640625,56.53021240234375,0,596.26123046875,-1.4246826171875,-1.4246826171875,-56.53021240234375
419,29,0.9666666666666667,615.193359375,54.07086181640625,0,595.201171875,-1.06005859375,-1.06005859375,-54.07086181640625
420,28,0.9333333333333333,614.41455078125,52.240966796875,1,595.201171875,-1.06005859375,-1.06005859375,-52.240966796875
421,27,0.9,613.6357421875,51.6201171875,2,595.201171875,-1.06005859375,-1.06005859375,-51.6201171875
422,26,0.8666666666666667,613.3429260253906,47.9676513671875,3,595.201171875,-1.06005859375,-1.06005859375,-47.9676513671875
423,25,0.8333333333333334,613.0501098632812,45.002685546875,4,595.201171875,-1.06005859375,-1.06005859375,-45.002685546875
424,24,0.8,611.8267517089844,43.0770263671875,5,595.201171875,-1.06005859375,-1.06005859375,-43.0770263671875
425,23,0.7666666666666667,610.6033935546875,36.900390625,6,595.201171875,-1.06005859375,-1.06005859375,-36.900390625
426,23,0.7666666666666667,610.6033935546875,36.900390625,7,595.201171875,-1.06005859375,-1.06005859375,-36.900390625
427,22,0.7333333333333333,609.356201171875,36.445556640625,8,595.201171875,-1.06005859375,-1.06005859375,-36.445556640625
428,21,0.7,608.1090087890625,33.1744384765625,9,595.201171875,-1.06005859375,-1.06005859375,-33.1744384765625
429,20,0.6666666666666666,607.6785888671875,29.7623291015625,10,595.201171875,-1.06005859375,-1.06005859375,-29.7623291015625
430,19,0.6333333333333333,607.2481689453125,29.052734375,11,595.201171875,-1.06005859375,-1.06005859375,-29.052734375
431,18,0.6,606.5662841796875,27.7841796875,12,595.201171875,-1.06005859375,-1.06005859375,-27.7841796875
432,17,0.5666666666666667,605.8843994140625,24.4659423828125,13,595.201171875,-1.06005859375,-1.06005859375,-24.4659423828125
433,16,0.5333333333333333,605.2282104492188,22.6558837890625,14,595.201171875,-1.06005859375,-1.06005859375,-22.6558837890625
434,15,0.5,604.572021484375,19.9921875,15,595.201171875,-1.06005859375,-1.06005859375,-19.9921875
435,14,0.4666666666666667,603.987548828125,18.4345703125,16,595.201171875,-1.06005859375,-1.06005859375,-18.4345703125
436,13,0.43333333333333335,603.403076171875,17.84893798828125,17,595.201171875,-1.06005859375,-1.06005859375,-17.84893798828125
437,12,0.4,602.2448120117188,15.4022216796875,18,595.201171875,-1.06005859375,-1.06005859375,-15.4022216796875
438,11,0.36666666666666664,601.0865478515625,12.9078369140625,19,595.201171875,-1.06005859375,-1.06005859375,-12.9078369140625
439,10,0.3333333333333333,600.3529663085938,12.0469970703125,20,595.201171875,-1.06005859375,-1.06005859375,-12.0469970703125
440,9,0.3,599.619384765625,10.6832275390625,21,595.201171875,-1.06005859375,-1.06005859375,-10.6832275390625
441,8,0.26666666666666666,599.3695068359375,9.370849609375,22,595.201171875,-1.06005859375,-1.06005859375,-9.370849609375
442,7,0.23333333333333334,599.11962890625,8.201904296875,23,595.201171875,-1.06005859375,-1.06005859375,-8.201904296875
443,6,0.2,598.4027709960938,5.8853759765625,24,595.201171875,-1.06005859375,-1.06005859375,-5.8853759765625
444,5,0.16666666666666666,597.6859130859375,4.418212890625,25,595.201171875,-1.06005859375,-1.06005859375,-4.418212890625
445,4,0.13333333333333333,596.9735717773438,3.91845703125,26,595.201171875,-1.06005859375,-1.06005859375,-3.91845703125
446,3,0.1,596.26123046875,2.4847412109375,27,595.201171875,-1.06005859375,-1.06005859375,-2.4847412109375
447,2,0.06666666666666667,595.731201171875,1.06005859375,28,595.201171875,-1.06005859375,-1.06005859375,-1.06005859375
448,1,0.03333333333333333,595.201171875,0.0,29,595.201171875,,,
449,1,0.03333333333333333,571.4268798828125,0.0,0,571.4268798828125,,,
450,2,0.06666666666666667,572.1514282226562,1.4490966796875,0,572.8759765625,1.4490966796875,1.4490966796875,1.4490966796875
451,3,0.1,572.8759765625,1.51171875,0,572.9385986328125,0.0626220703125,0.0626220703125,1.51171875
452,4,0.13333333333333333,572.6989440917969,1.51171875,0,572.5219116210938,-0.41668701171875,-0.41668701171875,1.09503173828125
453,4,0.13333333333333333,572.6989440917969,1.51171875,1,572.5219116210938,-0.41668701171875,-0.41668701171875,1.09503173828125
454,4,0.13333333333333333,572.6989440917969,1.51171875,2,572.5219116210938,-0.41668701171875,-0.41668701171875,1.09503173828125
455,4,0.13333333333333333,572.6989440917969,1.51171875,3,572.5219116210938,-0.41668701171875,-0.41668701171875,1.09503173828125
456,5,0.16666666666666666,572.8759765625,4.7249755859375,0,576.15185546875,3.62994384765625,0.9074859619140625,4.7249755859375
457,5,0.16666666666666666,572.8759765625,4.7249755859375,1,576.15185546875,3.62994384765625,0.9074859619140625,4.7249755859375
458,5,0.16666666666666666,572.8759765625,4.7249755859375,2,576.15185546875,3.62994384765625,0.9074859619140625,4.7249755859375
459,5,0.16666666666666666,572.8759765625,4.7249755859375,3,576.15185546875,3.62994384765625,0.9074859619140625,4.7249755859375
460,6,0.2,572.6989440917969,36.6715087890625,0,539.4803466796875,-36.6715087890625,-9.167877197265625,-31.946533203125
461,7,0.23333333333333334,572.5219116210938,38.598876953125,0,537.552978515625,-1.9273681640625,-1.9273681640625,-33.8739013671875
462,8,0.26666666666666666,571.9743957519531,42.8031005859375,0,533.3487548828125,-4.2042236328125,-4.2042236328125,-38.078125
463,9,0.3,571.4268798828125,46.88800048828125,0,529.2638549804688,-4.08489990234375,-4.08489990234375,-42.16302490234375
464,10,0.3333333333333333,555.45361328125,48.384765625,0,527.76708984375,-1.49676513671875,-1.49676513671875,-43.6597900390625
465,11,0.36666666666666664,539.4803466796875,51.55474853515625,0,524.5971069335938,-3.16998291015625,-3.16998291015625,-46.82977294921875
466,12,0.4,538.5166625976562,55.0445556640625,0,521.1072998046875,-3.48980712890625,-3.48980712890625,-50.319580078125
467,13,0.43333333333333335,537.552978515625,56.235107421875,0,519.916748046875,-1.1905517578125,-1.1905517578125,-51.5101318359375
468,14,0.4666666666666667,535.4508666992188,58.4404296875,0,517.71142578125,-2.205322265625,-2.205322265625,-53.7154541015625
469,15,0.5,533.3487548828125,60.54638671875,0,515.60546875,-2.10595703125,-2.10595703125,-55.8214111328125
470,16,0.5333333333333333,531.3063049316406,61.5137939453125,0,514.6380615234375,-0.9674072265625,-0.9674072265625,-56.788818359375
471,17,0.5666666666666667,529.2638549804688,63.1710205078125,0,512.9808349609375,-1.6572265625,-1.6572265625,-58.446044921875
472,18,0.6,528.5154724121094,64.58908081054688,0,511.5627746582031,-1.418060302734375,-1.418060302734375,-59.864105224609375
473,19,0.6333333333333333,527.76708984375,65.06683349609375,0,511.08502197265625,-0.477752685546875,-0.477752685546875,-60.34185791015625
474,20,0.6666666666666666,526.1820983886719,66.59185791015625,0,509.55999755859375,-1.5250244140625,-1.5250244140625,-61.86688232421875
475,21,0.7,524.5971069335938,68.41510009765625,0,507.73675537109375,-1.8232421875,-1.8232421875,-63.69012451171875
476,22,0.7333333333333333,522.8522033691406,69.1175537109375,0,507.0343017578125,-0.70245361328125,-0.70245361328125,-64.392578125
477,23,0.7666666666666667,521.1072998046875,70.40155029296875,0,505.75030517578125,-1.28399658203125,-1.28399658203125,-65.67657470703125
478,24,0.8,520.5120239257812,71.18710327148438,0,504.9647521972656,-0.785552978515625,-0.785552978515625,-66.46212768554688
479,24,0.8,518.8140869140625,71.845458984375,0,504.306396484375,-0.658355712890625,-0.658355712890625,-68.569580078125
480,24,0.8,516.658447265625,72.41015625,0,503.74169921875,-0.564697265625,-0.564697265625,-69.1968994140625
